Year,Predicted_Volume
2026,455.82414791098313
2027,455.82414791098313
2028,455.82414791098313
2029,455.82414791098313
2030,455.82414791098313
