Year,Predicted_Value
2026,56624.70812988637
2027,56624.70812988637
2028,56624.70812988637
2029,56624.70812988637
2030,56624.70812988637
